X,Y,OBJECTID,Ward,Precinct,Location2,Location3,Location4,Voting_Room,HP_Entrance_Only
781862.084171221,2958579.99549897,1,1,1,SAMUEL ADAMS ELEMENTARY SCHOOL,"165 WEBSTER STREET, 02128",,VOTE IN AUDITORIUM,
782035.534283638,2959923.87502906,2,1,2,DONALD MCKAY SCHOOL,"122 COTTAGE STREET, 02128",,VOTE IN MUSIC ROOM,
780575.099868551,2959689.99590364,3,1,3,B.H.A. HERITAGE APARTMENTS,"209 SUMNER STREET, 02128",,VOTE IN COMMUNITY ROOM,
781823.115089059,2964189.8284394,4,1,6,EAST BOSTON HIGH SCHOOL GYMNASIUM,"86 WHITE STREET, 02128",,VOTE IN GYMNASIUM,
781134.692581385,2961245.50394748,5,1,4,PARIS STREET COMMUNITY CENTER,"112 PARIS STREET, 02128",,VOTE IN GYMNASIUM,
781134.692581385,2961245.50394748,6,1,5,PARIS STREET COMMUNITY CENTER,"112 PARIS STREET, 02128",,VOTE IN GYMNASIUM,
781823.115089059,2964189.8284394,7,1,7,EAST BOSTON HIGH SCHOOL GYMNASIUM,"86 WHITE STREET, 02128",,VOTE IN GYMNASIUM,
781823.115089059,2964189.8284394,8,1,8,EAST BOSTON HIGH SCHOOL GYMNASIUM,"86 WHITE STREET, 02128",,VOTE IN GYMNASIUM,
781823.115089059,2964189.8284394,9,1,10,EAST BOSTON HIGH SCHOOL GYMNASIUM,"86 WHITE STREET, 02128",,VOTE IN GYMNASIUM,
781823.115089059,2964189.8284394,10,1,9,EAST BOSTON HIGH SCHOOL GYMNASIUM,"86 WHITE STREET, 02128",,VOTE IN GYMNASIUM,
789992.189302057,2965366.29393423,11,1,12,ORIENT HEIGHTS YACHT CLUB,"61 BAYSWATER STREET, 02128",,VOTE IN FUNCTION ROOM,
785812.929944053,2965257.48378439,12,1,11,CHEVERUS SCHOOL APARTMENTS,"10 MOORE STREET, 02128",,VOTE IN LOBBY,
790115.888857812,2967001.12235747,13,1,13,CURTIS GUILD ELEMENTARY SCHOOL,"195 LEYDEN STREET, 02128",,VOTE IN GYMNASIUM,
779185.079354644,2941629.8538744,14,1,15,CORCORAN MULLINS JENNISON COMMUNITY BUILDING,"270 MOUNT VERNON STREET, 02125",,"Vote in Portland Hall, 2nd Floor",
788971.278286144,2968445.31435098,15,1,14,ORIENT HEIGHTS HOUSING COMMUNITY BUILDING,"38 VALLAR ROAD, 02128",,VOTE IN COMMUNITY ROOM,
775718.203414381,2962578.27752864,16,2,2,HARVARD/KENT SCHOOL,"50 BUNKER HILL STREET, 02129",,VOTE IN GYMNASIUM,
773347.915832132,2962484.10284823,17,2,1,ZELMA LACEY HOUSE,"9 WEST SCHOOL STREET, 02129",,VOTE IN COMMUNITY ROOM,
773097.070533305,2963459.86467622,18,2,5,CLARENCE R. EDWARDS MIDDLE SCHOOL,"28 WALKER STREET, 02129",,VOTE IN GYMNASIUM,
775718.203414381,2962578.27752864,19,2,4,HARVARD/KENT SCHOOL,"50 BUNKER HILL STREET, 02129",,VOTE IN GYMNASIUM,
773097.070533305,2963459.86467622,20,2,6,CLARENCE R. EDWARDS MIDDLE SCHOOL,"28 WALKER STREET, 02129",,VOTE IN GYMNASIUM,
773347.915832132,2962484.10284823,21,2,3,ZELMA LACEY HOUSE,"9 WEST SCHOOL STREET, 02129",,VOTE IN CONFERENCE ROOM,
777249.282701299,2957416.83378331,22,3,1,"CHRISTOPHER COLUMBUS ELDERLY HOUSING,","145 COMMERCIAL STREET, 02109",,VOTE IN COMMUNITY ROOM,
775755.775189638,2958304.8028079,23,3,4,CASA MARIA APARTMENTS,"130 ENDICOTT STREET, 02113",,VOTE IN RICKY ANZILOTTI COMMUNITY ROOM.,
772369.530321717,2963709.10728797,24,2,7,GOLDEN AGE SENIOR CENTER,"382 MAIN STREET, 02129",,VOTE IN LUNCH ROOM,
776586.619656548,2958449.4265344,25,3,2,NAZZARO COMMUNITY CENTER,"30 NORTH BENNETT STREET, 02113",,VOTE IN COMMUNITY ROOM,
776586.619656548,2958449.4265344,26,3,3,NAZZARO COMMUNITY CENTER,"30 NORTH BENNETT STREET, 02113",,VOTE IN COMMUNITY ROOM,
772731.611946642,2949789.88348606,27,3,7,CATHEDRAL HIGH SCHOOL GYMNASIUM,"1336 WASHINGTON STREET, 02118",,,
773551.622117639,2958560.23274323,28,3,5,AMY LOWELL HOUSE,"65 MARTHA ROAD, 02114",,VOTE IN COMMUNITY ROOM,
771487.360826224,2950792.21842365,29,4,1,WILLIAM MCKINLEY SOUTH END ACADEMY,"90 WARREN AVENUE, 02116",,VOTE IN GYMNASIUM,
770758.986298725,2951679.97977148,30,4,2,TENT CITY COMMUNITY ROOM,"130 DARTMOUTH STREET, 02116",,VOTE IN COMMUNITY ROOM,
771487.360826224,2950792.21842365,31,4,3,WILLIAM MCKINLEY SOUTH END ACADEMY,"90 WARREN AVENUE, 02116",,VOTE IN GYMNASIUM,
773688.145466641,2952376.38651514,32,3,8,WANG YMCA OF CHINATOWN,"8 OAK STREET WEST, 02116",,VOTE IN GYMNASIUM,
769884.279714808,2949248.92623465,33,4,4,FREDERICK DOUGLASS APARTMENTS,"755 TREMONT STREET, 02118",,VOTE IN COMMUNITY ROOM,
775588.898226798,2956559.0520343,34,3,6,CITY HALL,"1 CITY HALL PLAZA, 02201",,VOTE IN HALLWAY BY CREDIT UNION (NORTH SIDE),
768503.046912968,2949680.56677556,35,4,5,MATTHEWS ARENA,"238 SAINT BOTOLPH STREET, 02115",,,
768503.046912968,2949680.56677556,36,4,6,MATTHEWS ARENA,"238 SAINT BOTOLPH STREET, 02115",,,
768503.046912968,2949680.56677556,37,4,7,MATTHEWS ARENA,"238 SAINT BOTOLPH STREET, 02115",,,
768503.046912968,2949680.56677556,38,4,8,MATTHEWS ARENA,"238 SAINT BOTOLPH STREET, 02115",,,
765899.167606309,2947540.87387648,39,4,9,"WENTWORTH INSTITUTE, ANNEX CENTRAL BUILDING","550 PARKER STREET, 02115",,VOTE IN CASELLA GALLERY,
772368.232752144,2951419.45765473,40,5,1,BENJAMIN FRANKLIN INSTITUTE OF TECHNOLOGY,"41 BERKELEY STREET, 02116",,VOTE IN AUDITORIUM,
764067.905848891,2949036.22062331,41,4,10,SIMMONS COLLEGE - LEFAVOUR HALL AND BEATLEY LIBRARY,"2 AVENUE LOUIS PASTEUR, 02115",,"VOTE IN KOTZEN MEETING CENTER AND TERRACE, ROOMS L-001 AND L-002.",
765129.326298222,2950873.90526815,42,5,2,FENWAY COMMUNITY CENTER,"1282 BOYLSTON STREET, 02215",,,
764969.066448137,2950400.49610998,43,5,2A,BOSTON TEMPLE SEVENTH-DAY ADVENTIST CHURCH,"105 JERSEY STREET, 02215",,,
774076.598429888,2955892.37259339,44,5,03,STATE HOUSE,"24 BEACON STREET, 02133",,HEARING ROOM B1 IN BASEMENT,
771748.562075466,2953802.61233723,45,5,06,EMMANUEL EPISCOPAL CHURCH,"15 NEWBURY STREET, 02116",,VOTE IN COMMUNITY ROOM,
772141.701052964,2955717.83816557,46,5,05,HILL HOUSE COMMUNITY CENTER,"127 MOUNT VERNON STREET, 02108",,VOTE IN COMMUNITY ROOM (INSIDE FIRE DOORS),
770063.05724439,2952570.10856864,47,5,07,COPLEY SQUARE LIBRARY,"700 BOYLSTON STREET, 02120",,,
773732.210667223,2957066.98966673,48,5,04,WEST END LIBRARY,"151 CAMBRIDGE STREET, 02114",,VOTE IN COMMUNITY ROOM,
770063.05724439,2952570.10856864,49,5,08,COPLEY SQUARE LIBRARY,"700 BOYLSTON STREET, 02120",,,
767977.76712364,2951572.67158714,50,5,09,SAINT CECILIA PARISH,"18 BELVIDERE STREET, 02115",,GROUND LEVEL GLASS DOORS. VOTE IN PARISH HALL,
772141.701052964,2955717.83816557,51,5,11,HILL HOUSE COMMUNITY CENTER,"127 MOUNT VERNON STREET, 02108",,VOTE IN COMMUNITY ROOM (INSIDE FIRE DOORS),
777200.130568638,2948606.14897689,52,6,01,JAMES F. CONDON ELEMENTARY SCHOOL,"200 D STREET, 02127",,VOTE IN CAFETERIA,
777200.130568638,2948606.14897689,53,6,02,JAMES F. CONDON ELEMENTARY SCHOOL,"200 D STREET, 02127",,VOTE IN CAFETERIA,
777200.130568638,2948606.14897689,54,6,03,JAMES F. CONDON ELEMENTARY SCHOOL,"200 D STREET, 02127",,VOTE IN CAFETERIA,
778564.187551811,2947427.85933873,55,6,04,JULIE'S FAMILY LEARNING PROGRAM,"133 DORCHESTER STREET, 02127",,VOTE IN MULTI-PURPOSE ROOM,
780887.081199974,2947722.73276472,56,6,05,SOUTH BOSTON LIBRARY,"646 EAST BROADWAY, 02127",,VOTE IN MEETING ROOM,
781925.42853272,2946913.51194222,57,6,06,MONSIGNOR JOHN T POWERS ELDERLY HOUSING,"120 L STREET, 02127",,VOTE IN HALLWAY,
780887.081199974,2947722.73276472,58,6,07,SOUTH BOSTON LIBRARY,"646 EAST BROADWAY, 02127",,VOTE IN MEETING ROOM,
781925.42853272,2946913.51194222,59,6,08,MONSIGNOR JOHN T POWERS ELDERLY HOUSING,"120 L STREET, 02127",,VOTE IN COMMUNITY ROOM,
781925.42853272,2946913.51194222,60,6,09,MONSIGNOR JOHN T POWERS ELDERLY HOUSING,"120 L STREET, 02127",,VOTE IN COMMUNITY ROOM,
780070.762950718,2945916.24359556,61,7,03,FOLEY APARTMENTS,"199 H STREET, 02127",,VOTE IN COMMUNITY ROOM,
765103.03665264,2952946.64456098,62,5,10,BOSTON UNIVERSITY KILACHAND HALL,"91 BAY STATE ROAD, 02215",,"VOTE IN ROOM 101, KILACHAND COMMONS",
780944.810087144,2947399.0746194,63,7,01,DR. JOSEPH P. TYNAN SCHOOL,"650 EAST FOURTH STREET, 02127",,VOTE IN CAFETERIA,
777775.519181639,2946956.50201373,64,7,04,UP ACADEMY (FORMERLY KNOWN AS GAVIN EDUCATION COMPLEX),"215 DORCHESTER STREET, 02127",,VOTE IN ROOM 22.,
780944.810087144,2947399.0746194,65,7,02,DR. JOSEPH P. TYNAN SCHOOL,"650 EAST FOURTH STREET, 02127",,VOTE IN CAFETERIA,
777062.225332633,2945152.83403315,66,7,06,MARY ELLEN MCCORMACK TASK FORCE OFFICE,"345 OLD COLONY AVENUE, 02127",,,
777025.581377059,2946674.13381205,67,7,05,WEST NINTH STREET ELDERLY COMMUNITY ROOM,"185 WEST NINTH STREET, 02127",,VOTE IN COMMUNITY ROOM,
777062.225332633,2945152.83403315,68,7,07,MARY ELLEN MCCORMACK TASK FORCE OFFICE,"345 OLD COLONY AVENUE, 02127",,,
775459.172764465,2943493.63492373,69,7,08,BELLFLOWER APARTMENTS,"24 BELLFLOWER STREET, 02125",,,
775459.172764465,2943493.63492373,70,7,09,BELLFLOWER APARTMENTS,"24 BELLFLOWER STREET, 02125",,VOTE IN COMMUNITY ROOM,
772731.611946642,2949789.88348606,71,8,01,CATHEDRAL HIGH SCHOOL GYMNASIUM,"1336 WASHINGTON STREET, 02118",,,
772731.611946642,2949789.88348606,72,8,02,CATHEDRAL HIGH SCHOOL GYMNASIUM,"1336 WASHINGTON STREET, 02118",,,
770133.024624139,2945522.43992123,73,8,03,ORCHARD GARDENS COMMUNITY CENTER,"2 DEARBORN STREET, 02119",,VOTE IN GYMNASIUM,
770133.024624139,2945522.43992123,74,8,04,ORCHARD GARDENS COMMUNITY CENTER,"2 DEARBORN STREET, 02119",,VOTE IN GYMNASIUM,
773300.64197655,2940343.04247165,75,7,10,UPHAMS CROSSING,"530 COLUMBIA ROAD, 02119",,VOTE IN COMMUNITY ROOM.,
772434.352042466,2941681.94235289,76,8,05,THE SALVATION ARMY RAY & JOAN KROC COMMUNITY CENTER,"650 DUDLEY STREET, 02125",,,
772434.352042466,2941681.94235289,77,8,07,THE SALVATION ARMY RAY & JOAN KROC COMMUNITY CENTER,"650 DUDLEY STREET, 02125",,,
772434.352042466,2941681.94235289,78,8,06,THE SALVATION ARMY RAY & JOAN KROC COMMUNITY CENTER,"650 DUDLEY STREET, 02125",,,
770746.414801553,2948276.89996348,79,9,02,WASHINGTON MANOR APARTMENTS,"1701 WASHINGTON STREET, 02118",,VOTE IN THE COMMUNITY ROOM,
770201.530064553,2948022.74528806,80,9,03,HAMPTON HOUSE,"155 NORTHAMPTON STREET, 02118",,VOTE IN THE COMMUNITY ROOM,
771457.109902471,2950030.78523523,81,9,01,YOUTH DEVELOPMENT PROGRAM,"100 WEST DEDHAM STREET, 02118",,,
768456.864918724,2946561.94145115,82,9,04,THE DEWITT CENTER,"122 DEWITT DRIVE, 02118",,VOTE IN GYMNASIUM,
766999.756284386,2942786.36238815,83,9,05,SHELBURNE CENTER,"2730 WASHINGTON STREET, 02119",,VOTE IN GYMNASIUM,
764685.365243882,2946980.11220273,84,10,01,MISSION MAIN COMMUNITY CENTER,"43 SMITH STREET., 02120",,VOTE IN COMMUNITY ROOM,
764685.365243882,2946980.11220273,85,10,02,MISSION MAIN COMMUNITY CENTER,"43 SMITH STREET., 02120",,VOTE IN COMMUNITY ROOM,
762762.093827978,2942529.87471214,86,10,06,JOHN F. KENNEDY ELEMENTARY SCHOOL,"7 BOLSTER STREET, 02130",,VOTE ON AUDITORIUM STAGE,
764825.985697553,2946341.9231904,87,10,05,TOBIN MUNICIPAL BUILDING,"1481 TREMONT STREET, 02120",,VOTE IN DOWNSTAIRS COMMUNITY ROOM,
764825.985697553,2946341.9231904,88,10,03,TOBIN MUNICIPAL BUILDING,"1481 TREMONT STREET, 02120",,VOTE IN DOWNSTAIRS COMMUNITY ROOM,
761854.529370144,2947067.17173989,89,10,04,ROBERT AND THERESA PARKS COMMUNITY BUILDING,"2 NEW WHITNEY STREET, 02115",,VOTE IN COMMUNITY ROOM ON FIRST FLOOR,
763840.198627144,2943313.29506131,90,10,07,JULIA MARTIN HOUSE,"90 BICKFORD STREET, 02130",,VOTE IN COMMUNITY ROOM,
765531.251675472,2945265.71766564,91,11,01,ROXBURY COMMUNITY COLLEGE,"1234 COLUMBUS AVENUE, 02120",,VOTE IN STUDENT LOUNGE 103,
768044.871976301,2942249.87691256,92,11,03,HIGGINSON/LEWIS K-8 SCHOOL,"131 WALNUT AVENUE, 02119",,VOTE IN GYMNASIUM,
761404.434469804,2945220.85850339,93,10,08,BACK OF THE HILL APARTMENTS,"100 SOUTH HUNTINGTON AVENUE, 02130",,VOTE IN COMMUNITY ROOM,
766999.756284386,2942786.36238815,94,11,02,SHELBURNE CENTER,"2730 WASHINGTON STREET, 02119",,VOTE IN GYMNASIUM,
765109.225616634,2940188.11430381,95,11,05,WALNUT PARK APARTMENTS,"1990 COLUMBUS AVENUE, 02119",,VOTE IN COMMUNITY ROOM,
764291.405729964,2941554.50297523,96,11,04,WORD OF LIFE TABERNACLE CHURCH,"120 AMORY STREET, 02119",,VOTE IN BISHOP SAMUEL A. DARDEN HALL.,
763369.677914634,2938536.40763348,97,11,06,BROOKSIDE FAMILY LIFE CENTER,"3297 WASHINGTON STREET, 02130",,VOTE IN COMMUNITY ROOM,
760764.8766938,2941342.18548648,98,10,09,CURLEY K-8 (FORMERLY KNOWN AS MARY E. CURLEY SCHOOL),"493 CENTRE STREET, 02130",,VOTE IN CAFETERIA,
761771.043972805,2936776.15590465,99,11,07,BOSTON ENGLISH HIGH SCHOOL,"144 MCBRIDE STREET, 02130",,VOTE ON AUDITORIUM STAGE,
761771.043972805,2936776.15590465,100,11,08,BOSTON ENGLISH HIGH SCHOOL,"144 MCBRIDE STREET, 02130",,VOTE ON AUDITORIUM STAGE,
768727.340755716,2944383.2633938,101,12,01,BOYS AND GIRLS CLUB OF BOSTON - YAWKEY CLUB OF ROXBURY,"115 WARREN STREET, 02119",,VOTE IN WHITLOCK PERFORMING ARTS CENTER.,
760464.188646883,2937261.09522347,102,11,09,MARGARITA MUNIZ ACADEMY (FORMERLY LOUIS AGASSIZ ELEMENTARY SCHOOL),"20 CHILD STREET, 02130",,VOTE IN GYMNASIUM,
760464.188646883,2937261.09522347,103,11,10,MARGARITA MUNIZ ACADEMY (FORMERLY LOUIS AGASSIZ ELEMENTARY SCHOOL),"20 CHILD STREET, 02130",,VOTE IN GYMNASIUM,
768044.871976301,2942249.87691256,104,12,03,HIGGINSON/LEWIS K-8 SCHOOL,"131 WALNUT AVENUE, 02119",,VOTE IN GYMNASIUM,
768727.340755716,2944383.2633938,105,12,04,BOYS AND GIRLS CLUB OF BOSTON - YAWKEY CLUB OF ROXBURY,"115 WARREN STREET, 02119",,VOTE IN WHITLOCK PERFORMING ARTS CENTER.,
767334.341573223,2937553.01130632,106,12,07,HOLGATE APARTMENTS,"129 ELM HILL AVENUE, 02121",,VOTE IN LOUNGE,
770091.496491969,2940135.29682414,107,12,06,REVEREND DR. MICHAEL E. HAYNES EARLY EDUCATION CENTER,"263 BLUE HILL AVENUE, 02119",,VOTE IN CAFETERIA,
768044.871976301,2942249.87691256,108,12,08,HIGGINSON/LEWIS K-8 SCHOOL,"131 WALNUT AVENUE, 02119",,VOTE IN GYMNASIUM,
768044.871976301,2942249.87691256,109,12,09,HIGGINSON/LEWIS K-8 SCHOOL,"131 WALNUT AVENUE, 02119",,VOTE IN GYMNASIUM,
768859.804401562,2941459.75972639,110,12,02,DR MARTIN LUTHER KING JR. TOWERS,"280 MARTIN L. KING BOULEVARD, 02119",,VOTE IN COMMUNITY ROOM,
768859.804401562,2941459.75972639,111,12,05,DR MARTIN LUTHER KING JR. TOWERS,"280 MARTIN L. KING BOULEVARD, 02119",,VOTE IN COMMUNITY ROOM,
770938.947224885,2941263.75027589,112,13,01,JOHN WINTHROP ELEMENTARY SCHOOL,"35 BROOKFORD STREET, 02125",,VOTE IN JOSEPH JOYCE AUDITORIUM,
779185.079354644,2941629.8538744,113,13,03,CORCORAN MULLINS JENNISON COMMUNITY BUILDING,"270 MOUNT VERNON STREET, 02125",,"Vote in Portland Hall, 2nd Floor",
770938.947224885,2941263.75027589,114,13,02,JOHN WINTHROP ELEMENTARY SCHOOL,"35 BROOKFORD STREET, 02125",,VOTE IN JOSEPH JOYCE AUDITORIUM,
774803.900452971,2941128.78729123,115,13,06,ANNAPOLIS APARTMENTS,"8A ANNAPOLIS STREET, 02125",,VOTE IN COMMUNITY ROOM,
771015.020891637,2937931.0974924,116,13,04,LILLA G. FREDERICK PILOT MIDDLE SCHOOL,"270 COLUMBIA ROAD, 02121",,VOTE IN GYMNASIUM,
775225.200791478,2939624.40808214,117,13,09,EDWARD EVERETT ELEMENTARY SCHOOL,"71 PLEASANT STREET, 02125",,VOTE IN ART ROOM ON MAIN FLOOR.,
773300.64197655,2940343.04247165,118,13,05,UPHAMS CROSSING,"530 COLUMBIA ROAD, 02119",,VOTE IN MEETING ROOM.,
775737.586577728,2942161.27669606,119,13,07,SAINT JOHN PAUL II CATHOLIC ACADEMY COLUMBIA CAMPUS (FORMERLY KNOWN AS SAINT MARGARET'S SCHOOL),"790 COLUMBIA ROAD, 02125",,VOTE IN CAFETERIA,
775737.586577728,2942161.27669606,120,13,08,SAINT JOHN PAUL II CATHOLIC ACADEMY COLUMBIA CAMPUS (FORMERLY KNOWN AS SAINT MARGARET'S SCHOOL),"790 COLUMBIA ROAD, 02125",,VOTE IN CAFETERIA,
769640.8825638,2933487.48859748,121,14,02,SARAH GREENWOOD SCHOOL,"186 GLENWAY STREET, 02121",,VOTE IN ART ROOM.,
776795.987676144,2939133.31227957,122,13,10,CRISTO REY BOSTON HIGH SCHOOL,"100 SAVIN HILL AVENUE., 02124",,VOTE IN LIBRARY,
771015.020891637,2937931.0974924,123,14,01,LILLA G. FREDERICK PILOT MIDDLE SCHOOL,"270 COLUMBIA ROAD, 02121",,VOTE IN GYMNASIUM,
767970.080131143,2928100.02791573,124,14,05,PAULINE AGASSIZ SHAW SCHOOL,"429 NORFOLK STREET, 02124",,VOTE IN LARGE CAFETERIA,
769663.096102059,2931717.52691431,125,14,07,JOSEPH LEE SCHOOL,"155 TALBOT AVENUE, 02124",,VOTE IN AUDITORIUM,
771015.020891637,2937931.0974924,126,14,03,LILLA G. FREDERICK PILOT MIDDLE SCHOOL,"270 COLUMBIA ROAD, 02121",,VOTE IN GYMNASIUM,
771015.020891637,2937931.0974924,127,14,04,LILLA G. FREDERICK PILOT MIDDLE SCHOOL,"270 COLUMBIA ROAD, 02121",,VOTE IN GYMNASIUM,
768100.136957631,2932472.99882856,128,14,09,BOYS & GIRLS CLUB,"15 TALBOT AVENUE, 02124",,VOTE IN LOBBY,
768330.931771636,2935089.95684923,129,14,06,ENDICOTT SCHOOL - (FORMERLY KNOWN AS BRIDGE BOSTON CHARTER SCHOOL),"2 MCCLELLAN STREET, 02121",,VOTE IN BASEMENT HALLWAY.,
768708.344402641,2930909.1686229,130,14,10,FRANKLIN FIELD ELDERLY COMMUNITY ROOM,"100 AMES STREET, 02124",,VOTE IN TENANTS ASSOCIATION MEETING ROOM,
768166.573176473,2928264.2309994,131,14,12,METROPOLITAN BAPTIST CHURCH,"393 NORFOLK STREET, 02124",,,
766458.497852474,2928151.05143572,132,14,08,MORNING STAR BAPTIST CHURCH,"1257 BLUE HILL AVENUE, 02126",,VOTE IN FELLOWSHIP HALL,
768166.573176473,2928264.2309994,133,14,13,METROPOLITAN BAPTIST CHURCH,"393 NORFOLK STREET, 02124",,,
774747.425828382,2937486.41629514,134,15,02,FIRE STATION,"7 PARISH STREET, 02122",,,
766458.497852474,2928151.05143572,135,14,11,MORNING STAR BAPTIST CHURCH,"1257 BLUE HILL AVENUE, 02126",,VOTE IN CLASSROOM,
766458.497852474,2928151.05143572,136,14,14,MORNING STAR BAPTIST CHURCH,"1257 BLUE HILL AVENUE, 02126",,VOTE IN FELLOWSHIP HALL,
771015.020891637,2937931.0974924,137,15,01,LILLA G. FREDERICK PILOT MIDDLE SCHOOL,"270 COLUMBIA ROAD, 02121",,VOTE IN GYMNASIUM,
774747.425828382,2937486.41629514,138,15,03,FIRE STATION,"7 PARISH STREET, 02122",,,
773811.689510882,2937717.05723806,139,15,04,PASCIUCCO APARTMENTS,"330 BOWDOIN STREET, 02122",,VOTE IN COMMUNITY ROOM,
776178.37244156,2938322.52190639,140,15,06,SAVIN HILL APARTMENTS,"130 AUCKLAND STREET, 02125",,VOTE IN COMMUNITY ROOM,
774241.651249394,2934620.90923089,141,15,07,VIET AID COMMUNITY CENTER,"42 CHARLES STREET, 02125",,VOTE IN COMMUNITY ROOM,
772163.873908892,2934528.37070206,142,15,05,UP ACADEMY OF DORCHESTER - (FORMERLY JOHN MARSHALL ELEMENTARY SCHOOL),"35 WESTVILLE STREET, 02124",,VOTE IN GYMNASIUM,
775339.897412464,2936270.11328156,143,15,09,DORCHESTER HOUSE,"1353 DORCHESTER AVENUE, 02122",,VOTE IN CAFETERIA,
774241.651249394,2934620.90923089,144,15,08,VIET AID COMMUNITY CENTER,"42 CHARLES STREET, 02125",,VOTE IN COMMUNITY ROOM,
774609.892638892,2932450.09729956,145,16,01,DR. WILLIAM W. HENDERSON INCLUSION ELEMENTARY SCHOOL (FORMERLY PATRICK O'HEARN SCHOOL),"1669 DORCHESTER AVENUE, 02124",,VOTE IN AUDITORIUM,
774609.892638892,2932450.09729956,146,16,04,DR. WILLIAM W. HENDERSON INCLUSION ELEMENTARY SCHOOL (FORMERLY PATRICK O'HEARN SCHOOL),"1669 DORCHESTER AVENUE, 02124",,VOTE IN AUDITORIUM,
778123.068355307,2932559.86512464,147,16,05,RICHARD J. MURPHY SCHOOL,"1 WORRELL STREET, 02122",,VOTE IN LOBBY,
777067.608195886,2933439.86139615,148,16,02,NATIONAL GUARD ARMORY,"70 VICTORY ROAD., 02122",,VOTE IN GYMNASIUM,
774047.929523975,2931820.04114498,149,16,03,SAINT MARK’S SCHOOL HALL,"197 A CENTRE STREET, 02124",,VOTE IN AUDITORIUM,
774047.929523975,2931820.04114498,150,16,06,SAINT MARK’S SCHOOL HALL,"197 A CENTRE STREET, 02124",,VOTE IN AUDITORIUM,
778111.787537977,2931317.11564164,151,16,10,SAINT JOHN PAUL II CATHOLIC ACADEMY NEPONSET CAMPUS (FORMERLY KNOWN AS SAINT ANN'S SCHOOL),"239 NEPONSET AVENUE, 02122",,VOTE IN GYMNASIUM,
777066.883459806,2929759.91435973,152,16,09,THOMAS J. KENNY ELEMENTARY SCHOOL,"19 OAKTON AVENUE, 02122",,VOTE IN CLASSROOM NEAR HP ENTRANCE-REAR OF SCHOOL,
774344.636279643,2929410.17982298,153,16,08,THE PARISH OF ALL SAINTS,"209 ASHMONT STREET, 02124",,VOTE IN COMMUNITY ROOM,
778111.787537977,2931317.11564164,154,16,07,SAINT JOHN PAUL II CATHOLIC ACADEMY NEPONSET CAMPUS (FORMERLY KNOWN AS SAINT ANN'S SCHOOL),"239 NEPONSET AVENUE, 02122",,VOTE IN GYMNASIUM,
778572.0654888,2928250.02039789,155,16,11,FLORIAN HALL,"55 HALLET STREET, 02122",,VOTE IN BANQUET HALL,
771998.288282052,2933133.61824223,156,17,01,CODMAN SQUARE TECH CENTER,"450 WASHINGTON STREET, 02124",,VOTE IN COMMUNITY ROOM,
778572.0654888,2928250.02039789,157,16,12,FLORIAN HALL,"55 HALLET STREET, 02122",,VOTE IN BANQUET HALL,
771998.288282052,2933133.61824223,158,17,03,CODMAN SQUARE TECH CENTER,"450 WASHINGTON STREET, 02124",,VOTE IN COMMUNITY ROOM,
772163.873908892,2934528.37070206,159,17,02,UP ACADEMY OF DORCHESTER - (FORMERLY JOHN MARSHALL ELEMENTARY SCHOOL),"35 WESTVILLE STREET, 02124",,VOTE IN GYMNASIUM,
766938.671104714,2926096.55292006,160,17,07,MILDRED AVE SCHOOL,"5 MILDRED AVE, 02126",,VOTE IN GYMNASIUM,
772644.968747228,2927810.09903364,161,17,04,HENDERSON UPPER (FORMERLY KNOWN AS WOODROW WILSON MIDDLE SCHOOL),"18 CROFTLAND AVENUE, 02124",,VOTE IN ROOM 20,
772282.306086719,2930134.74628723,162,17,06,CODMAN SQUARE BRANCH LIBRARY,"690 WASHINGTON STREET, 02124",,VOTE IN MEETING ROOM,
772282.306086719,2930134.74628723,163,17,05,CODMAN SQUARE BRANCH LIBRARY,"690 WASHINGTON STREET, 02124",,VOTE IN MEETING ROOM,
766938.671104714,2926096.55292006,164,17,10,MILDRED AVE SCHOOL,"5 MILDRED AVE, 02126",,VOTE IN GYMNASIUM,
772265.808088228,2928896.72645356,165,17,09,CODMAN SQUARE APARTMENTS,"784 WASHINGTON STREET, 02124",,VOTE IN COMMUNITY ROOM,
772282.306086719,2930134.74628723,166,17,08,CODMAN SQUARE BRANCH LIBRARY,"690 WASHINGTON STREET, 02124",,VOTE IN MEETING ROOM,
770461.059729218,2926426.78126223,167,17,12,CHARLES H. TAYLOR ELEMENTARY SCHOOL,"1060 MORTON STREET, 02126",,"VOTE IN ROOM 002,",
772937.25917314,2925024.82901365,168,17,14,LOWER MILLS LIBRARY,"27 RICHMOND STREET, 02124",,VOTE IN MEETING ROOM,
772937.25917314,2925024.82901365,169,17,13,LOWER MILLS LIBRARY,"27 RICHMOND STREET, 02124",,VOTE IN MEETING ROOM,
772644.968747228,2927810.09903364,170,17,11,HENDERSON UPPER (FORMERLY KNOWN AS WOODROW WILSON MIDDLE SCHOOL),"18 CROFTLAND AVENUE, 02124",,VOTE IN ROOM 20,
766938.671104714,2926096.55292006,171,18,02,MILDRED AVE SCHOOL,"5 MILDRED AVE, 02126",,VOTE IN GYMNASIUM,
763330.213754728,2925768.6726703,172,18,03,MATTAHUNT ELEMENTARY SCHOOL,"100 HEBRON STREET, 02126",,VOTE IN SMALL GYMNASIUM,
769984.225052968,2924491.71623473,173,18,01,GROVELAND COMMUNITY ROOM,"15 MARY MOORE BEATTY CIRCLE, 02126",,VOTE IN COMMUNITY ROOM,
764644.667490631,2921905.7492938,174,18,05,HASSAN APARTMENTS,"705 RIVER STREET, 02126",,VOTE IN RECREATION ROOM,
769984.225052968,2924491.71623473,175,18,04,GROVELAND COMMUNITY ROOM,"15 MARY MOORE BEATTY CIRCLE, 02126",,VOTE IN COMMUNITY ROOM,
759602.805199057,2929259.2231039,176,18,07,JOHN D PHILBRICK ELEMENTARY SCHOOL,"40 PHILBRICK STREET, 02131",,VOTE IN CAFETERIA,
759815.497687057,2921905.42711598,177,18,08,ANOTHER COURSE TO COLLEGE - (FORMERLY KNOWN AS ELIHU GREENWOOD LEADERSHIP ACADEMY),"612 METROPOLITAN AVENUE, 02136",,VOTE IN CAFETERIA,
757100.514271885,2925381.63801131,178,18,09,GEORGE H. CONLEY ELEMENTARY SCHOOL,"450 POPLAR STREET, 02131",,VOTE IN HALLWAY & CAFETERIA,
754855.034838974,2926454.26086606,179,18,10,PHINEAS BATES ELEMENTARY SCHOOL,"426 BEECH STREET, 02131",,VOTE IN CAFETERIA,
754855.034838974,2926454.26086606,180,18,11,PHINEAS BATES ELEMENTARY SCHOOL,"426 BEECH STREET, 02131",,VOTE IN CAFETERIA,
763184.770804137,2922639.44106789,181,18,06,JAMES J. CHITTICK ELEMENTARY SCHOOL,"154 RUSKINDALE ROAD, 02126",,VOTE IN AUDITORIUM,
759815.497687057,2921905.42711598,182,18,14,ANOTHER COURSE TO COLLEGE - (FORMERLY KNOWN AS ELIHU GREENWOOD LEADERSHIP ACADEMY),"612 METROPOLITAN AVENUE, 02136",,VOTE IN CAFETERIA,
758745.870889306,2918650.02811497,183,18,12,HYDE PARK MUNICIPAL BUILDING,"1179 RIVER STREET, 02136",,VOTE IN MULTI PURPOSE ROOM IN BASEMENT,
757745.948348477,2916963.79789165,184,18,13,THE BLAKE ESTATES,"1344 HYDE PARK AVENUE, 02136",,VOTE IN COMMUNITY ROOM,
761738.053225145,2917781.60924815,185,18,16,BOSTON BAPTIST COLLEGE,"950 METROPOLITAN AVENUE, 02136",,,
759815.497687057,2921905.42711598,186,18,15,ANOTHER COURSE TO COLLEGE - (FORMERLY KNOWN AS ELIHU GREENWOOD LEADERSHIP ACADEMY),"612 METROPOLITAN AVENUE, 02136",,VOTE IN CAFETERIA,
757745.948348477,2916963.79789165,187,18,18,THE BLAKE ESTATES,"1344 HYDE PARK AVENUE, 02136",,VOTE IN COMMUNITY ROOM,
757883.226617217,2913885.78895581,188,18,17,FRANKLIN D. ROOSEVELT K-8 SCHOOL,"95 NEEDHAM ROAD, 02136",,VOTE IN CAFETERIA,
758745.870889306,2918650.02811497,189,18,19,HYDE PARK MUNICIPAL BUILDING,"1179 RIVER STREET, 02136",,VOTE IN MULTI PURPOSE ROOM IN BASEMENT,
757100.514271885,2925381.63801131,190,18,22,GEORGE H. CONLEY ELEMENTARY SCHOOL,"450 POPLAR STREET, 02131",,VOTE IN HALLWAY & CAFETERIA,
752421.087935224,2919556.42984548,191,18,23,GEORGETOWNE HOMES COMMUNITY ROOM,"400 A GEORGETOWNE DRIVE, 02136",,VOTE IN MAIN COMMUNITY ROOM (NEXT TO OFFICE),
755586.875894964,2910470.30431698,192,18,20,HEMENWAY CAMPUS OF THE FRANKLIN D. ROOSEVELT K-8 SCHOOL,"30 MILLSTONE ROAD, 02136",,VOTE IN ROOM 102,
763184.770804137,2922639.44106789,193,18,21,JAMES J. CHITTICK ELEMENTARY SCHOOL,"154 RUSKINDALE ROAD, 02126",,VOTE IN AUDITORIUM,
763175.920100048,2941239.90353881,194,19,04,NATE SMITH ELDERLY HOUSING,"155 LAMARTINE STREET, 02130",,VOTE IN MEETING ROOM,
760764.8766938,2941342.18548648,195,19,01,CURLEY K-8 (FORMERLY KNOWN AS MARY E. CURLEY SCHOOL),"493 CENTRE STREET, 02130",,VOTE IN CAFETERIA,
760312.228977054,2940124.78437798,196,19,05,COLLINS APARTMENTS,"29 POND STREET, 02130",,VOTE IN COMMUNITY ROOM,
755850.425236642,2936596.76814006,197,19,02,JOSEPH P MANNING ELEMENTARY SCHOOL,"130 LOUDER'S LANE, 02130",,VOTE IN CAFETERIA,
760764.8766938,2941342.18548648,198,19,03,CURLEY K-8 (FORMERLY KNOWN AS MARY E. CURLEY SCHOOL),"493 CENTRE STREET, 02130",,VOTE IN CAFETERIA,
761820.98153697,2938868.18288855,199,19,06,BOWDITCH SCHOOL BUILDING,"82 GREEN STREET, 02130",,VOTE IN COMMUNITY ROOM,
760464.188646883,2937261.09522347,200,19,09,MARGARITA MUNIZ ACADEMY (FORMERLY LOUIS AGASSIZ ELEMENTARY SCHOOL),"20 CHILD STREET, 02130",,VOTE IN GYMNASIUM,
760464.188646883,2937261.09522347,201,19,08,MARGARITA MUNIZ ACADEMY (FORMERLY LOUIS AGASSIZ ELEMENTARY SCHOOL),"20 CHILD STREET, 02130",,VOTE IN GYMNASIUM,
757660.104031965,2928605.56922747,202,19,10,WASHINGTON IRVING SCHOOL,"105 CUMMINS HIGHWAY, 02131",,VOTE IN ROOM #102,
759604.235642388,2930994.61267772,203,19,07,WOODBOURNE APARTMENTS,"6 SOUTHBOURNE ROAD, 02130",,VOTE IN DINING ROOM,
758617.824229389,2932312.33084281,204,19,11,JOSEPH CALCI TRAINING CENTER,"25 COLGATE ROAD, 02131",,VOTE IN WALLPAPER ROOM,
755855.69687964,2929738.35042648,205,20,01,SAINT NECTARIOS GREEK CHURCH,"39 BELGRADE AVE, 02131",,VOTE IN BANQUET HALL,
759604.235642388,2930994.61267772,206,19,12,WOODBOURNE APARTMENTS,"6 SOUTHBOURNE ROAD, 02130",,VOTE IN DINING ROOM,
755855.69687964,2929738.35042648,207,20,02,SAINT NECTARIOS GREEK CHURCH,"39 BELGRADE AVE, 02131",,VOTE IN BANQUET HALL,
757660.104031965,2928605.56922747,208,19,13,WASHINGTON IRVING SCHOOL,"105 CUMMINS HIGHWAY, 02131",,VOTE IN ROOM #103,
749256.862308308,2921215.41471648,209,20,03,LUDWIG VAN BEETHOVEN ELEMENTARY SCHOOL,"5125 WASHINGTON STREET, 02132",,VOTE IN GYMNASIUM,
755855.69687964,2929738.35042648,210,20,04,SAINT NECTARIOS GREEK CHURCH,"39 BELGRADE AVE, 02131",,VOTE IN BANQUET HALL,
747765.371852964,2926606.15820006,211,20,05,SPRING STREET APARTMENTS,"23 SPRING STREET, 02132",,VOTE IN RECREATION ROOM,
753301.774822131,2927708.57298997,212,20,09,WOLFGANG A. MOZART ELEMENTARY SCHOOL,"236 BEECH STREET, 02131",,VOTE IN CAFETERIA,
751289.086590305,2930169.86793615,213,20,06,HOLY NAME PARISH HALL,"535 WEST ROXBURY PARKWAY, 02132",,VOTE IN GYMNASIUM,
751289.086590305,2930169.86793615,214,20,07,HOLY NAME PARISH HALL,"535 WEST ROXBURY PARKWAY, 02132",,VOTE IN GYMNASIUM,
751306.818510219,2929741.75461914,215,20,08,AREA E POLICE STATION,"1708 CENTRE STREET, 02132",,VOTE IN COMMUNITY ROOM,
750444.691297472,2926242.67270656,216,20,10,SAINT GEORGE ORTHODOX CHURCH,"55 EMMONSDALE ROAD, 02132",,VOTE IN FUNCTION HALL,
748612.257626384,2928334.3273159,217,20,12,PATRICK LYNDON K-8 SCHOOL,"20 MOUNT VERNON STREET, 02132",,VOTE IN GYMNASIUM,
751050.021779716,2929809.92836732,218,20,11,ROCHE COMMUNITY CENTER,"1716 CENTRE STREET, 02132",,VOTE IN FUNCTION ROOM,
748612.257626384,2928334.3273159,219,20,13,PATRICK LYNDON K-8 SCHOOL,"20 MOUNT VERNON STREET, 02132",,VOTE IN GYMNASIUM,
750444.691297472,2926242.67270656,220,20,14,SAINT GEORGE ORTHODOX CHURCH,"55 EMMONSDALE ROAD, 02132",,VOTE IN FUNCTION HALL,
749256.862308308,2921215.41471648,221,20,15,LUDWIG VAN BEETHOVEN ELEMENTARY SCHOOL,"5125 WASHINGTON STREET, 02132",,VOTE IN GYMNASIUM,
747485.258896142,2924282.22419964,222,20,16,JOYCE KILMER LOWER SCHOOL (K0-3),"35 BAKER STREET, 02132",,VOTE IN CAFETERIA,
751289.086590305,2930169.86793615,223,20,19,HOLY NAME PARISH HALL,"535 WEST ROXBURY PARKWAY, 02132",,VOTE IN GYMNASIUM,
748879.344362557,2928535.47127056,224,20,17,WEST ROXBURY BRANCH LIBRARY,"1961 CENTRE STREET, 02132",,VOTE IN MEETING ROOM,
751289.086590305,2930169.86793615,225,20,20,HOLY NAME PARISH HALL,"535 WEST ROXBURY PARKWAY, 02132",,VOTE IN GYMNASIUM,
748879.344362557,2928535.47127056,226,20,18,WEST ROXBURY BRANCH LIBRARY,"1961 CENTRE STREET, 02132",,VOTE IN MEETING ROOM,
764969.066448137,2950400.49610998,227,21,01,BOSTON TEMPLE SEVENTH-DAY ADVENTIST CHURCH,"105 JERSEY STREET, 02215",,,
762929.025908798,2952550.7040799,228,21,02,BOSTON UNIVERSITY,"111 CUMMINGTON STREET, ROOM 144, 02134",,VOTE IN STUDENT LOUNGE,
754163.506694466,2953915.77090356,229,21,04,JACKSON MANN SCHOOL,"500 CAMBRIDGE STREET, 02134",,VOTE IN AUDITORIUM,
754163.506694466,2953915.77090356,230,21,03,JACKSON MANN SCHOOL,"500 CAMBRIDGE STREET, 02134",,VOTE IN AUDITORIUM,
754163.506694466,2953915.77090356,231,21,05,JACKSON MANN SCHOOL,"500 CAMBRIDGE STREET, 02134",,VOTE IN AUDITORIUM,
754163.506694466,2953915.77090356,232,21,06,JACKSON MANN SCHOOL,"500 CAMBRIDGE STREET, 02134",,VOTE IN AUDITORIUM,
751759.679481134,2952824.54342723,233,21,09,BOSTON GREEN ACADEMY - (FORMERLY KNOWN AS WILLIAM HOWARD TAFT SCHOOL),"20 WARREN STREET, 02135",,VOTE IN GYMNASIUM,
754163.506694466,2953915.77090356,234,21,07,JACKSON MANN SCHOOL,"500 CAMBRIDGE STREET, 02134",,VOTE IN AUDITORIUM,
751759.679481134,2952824.54342723,235,21,08,BOSTON GREEN ACADEMY - (FORMERLY KNOWN AS WILLIAM HOWARD TAFT SCHOOL),"20 WARREN STREET, 02135",,VOTE IN GYMNASIUM,
753063.054170966,2950064.2326749,236,21,12,PATRICIA WHITE APARTMENTS,"20 WASHINGTON STREET, 02135",,VOTE IN COMMUNITY ROOM,
752528.937128976,2950755.12597814,237,21,10,WASHINGTON STREET,"91-95 WASHINGTON STREET APARTMENTS, 02135",,VOTE IN ROSALIND B. FREED COMMUNITY ROOM,
752528.937128976,2950755.12597814,238,21,11,WASHINGTON STREET,"91-95 WASHINGTON STREET APARTMENTS, 02135",,VOTE IN ROSALIND B. FREED COMMUNITY ROOM,
749510.289622977,2949153.82176606,239,21,14,ALEXANDER HAMILTON SCHOOL,"198 STRATHMORE ROAD, 02135",,VOTE IN CAFETERIA & MUSIC HALL,
750196.049406305,2949919.7188563,240,21,13,JEWISH COMMUNITY HOUSING FOR THE ELDERLY,"30 WALLINGFORD ROAD, 02135",,VOTE IN DINING ROOM,
749510.289622977,2949153.82176606,241,21,15,ALEXANDER HAMILTON SCHOOL,"198 STRATHMORE ROAD, 02135",,VOTE IN CAFETERIA & MUSIC HALL,
749510.289622977,2949153.82176606,242,21,16,ALEXANDER HAMILTON SCHOOL,"198 STRATHMORE ROAD, 02135",,VOTE IN CAFETERIA & MUSIC HALL,
756683.234266549,2956471.41769515,243,22,01,HONAN - ALLSTON BRANCH LIBRARY,"300 NORTH HARVARD STREET, 02134",,VOTE IN REAR COMMUNITY ROOM,
756683.234266549,2956471.41769515,244,22,02,HONAN - ALLSTON BRANCH LIBRARY,"300 NORTH HARVARD STREET, 02134",,VOTE IN FRONT COMMUNITY ROOM,
746143.590975806,2953077.32343347,245,22,04,OAK SQUARE YMCA,"615 WASHINGTON STREET, 02135",,VOTE IN GYMNASIUM,
756683.234266549,2956471.41769515,246,22,05,HONAN - ALLSTON BRANCH LIBRARY,"300 NORTH HARVARD STREET, 02134",,VOTE IN FRONT COMMUNITY ROOM,
749852.954948142,2952120.1734449,247,22,03,VERONICA B. SMITH MULTI-SERVICE SENIOR CENTER,"20 CHESTNUT HILL AVENUE, 02135",,"VOTE IN AUDITORIUM, 2ND FLOOR",
746143.590975806,2953077.32343347,248,22,07,OAK SQUARE YMCA,"615 WASHINGTON STREET, 02135",,VOTE IN GYMNASIUM,
751759.679481134,2952824.54342723,249,22,06,BOSTON GREEN ACADEMY - (FORMERLY KNOWN AS WILLIAM HOWARD TAFT SCHOOL),"20 WARREN STREET, 02135",,VOTE IN GYMNASIUM,
748027.738126144,2951093.53015697,250,22,08,THOMAS A. EDISON SCHOOL,"60 GLENMONT ROAD, 02135",,ROOM 013,
747866.694156885,2953521.42228281,251,22,11,LYON UPPER SCHOOL (7-12) (FORMERLY JAMES A. GARFIELD SCHOOL),"95 BEECHCROFT STREET, 02135",,VOTE IN CAFETERIA,
747866.694156885,2953521.42228281,252,22,10,LYON UPPER SCHOOL (7-12) (FORMERLY JAMES A. GARFIELD SCHOOL),"95 BEECHCROFT STREET, 02135",,VOTE IN CAFETERIA,
,,253,,,,,,,
748027.738126144,2951093.53015697,254,22,09,THOMAS A. EDISON SCHOOL,"60 GLENMONT ROAD, 02135",,ROOM 015,
747866.694156885,2953521.42228281,255,22,12,LYON UPPER SCHOOL (7-12) (FORMERLY JAMES A. GARFIELD SCHOOL),"95 BEECHCROFT STREET, 02135",,VOTE IN CAFETERIA,
746143.590975806,2953077.32343347,256,22,13,OAK SQUARE YMCA,"615 WASHINGTON STREET, 02135",,VOTE IN GYMNASIUM,
